Country Name,Country Code,Year,Tobacco tax
Algeria,EMR,2020,0.35
Angola,EUR,2020,0.12
Benin,AFR,2020,0.1
Botswana,EUR,2020,0.52
Burkina Faso,AFR,2020,0.44
Burundi,AMR,2020,0.37
Cabo Verde,AMR,2020,0.19
Cameroon,EUR,2020,0.43
Central African Republic,WPR,2020,. . .
Chad,EUR,2020,0.52
Comoros,EUR,2020,0.74
Congo,AMR,2020,0.27
Côte d'Ivoire,EMR,2020,0.35
Democratic Republic of the Congo,SEAR,2020,0.52
Equatorial Guinea,AMR,2020,0.24
Eritrea,EUR,2020,. . .
Ethiopia,EUR,2020,0.51
Gabon,AMR,2020,0.22
Gambia,AFR,2020,0.49
Ghana,SEAR,2020,0.32
Guinea,AMR,2020,0.1
Guinea-Bissau,EUR,2020,. . .
Kenya,AFR,2020,0.39
Lesotho,AMR,2020,0.51
Liberia,WPR,2020,0.57
Madagascar,EUR,2020,0.8
Malawi,AFR,2020,0.56
Mali,AFR,2020,0.28
Mauritania,WPR,2020,0.06
Mauritius,AFR,2020,0.81
Mozambique,AMR,2020,0.29
Namibia,AFR,2020,0.42
Niger,AFR,2020,0.32
Nigeria,AFR,2020,0.37
Rwanda,AMR,2020,0.64
Sao Tome and Principe,WPR,2020,0.34
Senegal,AMR,2020,0.38
Seychelles,AFR,2020,0.7
Sierra Leone,AFR,2020,0.23
South Africa,WPR,2020,0.53
South Sudan,AMR,2020,0.66
Eswatini,AFR,2020,0.54
Togo,EUR,2020,0.41
Uganda,AMR,2020,0.35
United Republic of Tanzania,EUR,2020,0.3
Zambia,EUR,2020,0.39
Zimbabwe,SEAR,2020,0.29
Antigua and Barbuda,AFR,2020,0.13
Argentina,EUR,2020,0.77
Bahamas,EMR,2020,0.43
Barbados,AMR,2020,. . .
Belize,AMR,2020,0.35
Bolivia,AMR,2020,0.36
Brazil,EMR,2020,0.82
Canada,AMR,2020,0.62
Chile,AFR,2020,0.8
Colombia,AFR,2020,0.73
Costa Rica,EUR,2020,0.54
Cuba,AFR,2020,. . .
Dominica,AFR,2020,0.23
Dominican Republic,WPR,2020,0.44
Ecuador,EUR,2020,0.67
El Salvador,EUR,2020,0.47
Grenada,AFR,2020,. . .
Guatemala,AFR,2020,0.49
Guyana,EUR,2020,0.28
Haiti,EUR,2020,. . .
Honduras,AFR,2020,0.43
Jamaica,EUR,2020,0.43
Mexico,AMR,2020,0.68
Nicaragua,AMR,2020,0.69
Panama,AFR,2020,0.57
Paraguay,AFR,2020,0.18
Peru,AMR,2020,0.68
Saint Kitts and Nevis,AMR,2020,. . .
Saint Lucia,AMR,2020,0.51
Saint Vincent and the Grenadines,EUR,2020,0.23
Suriname,EUR,2020,0.27
Trinidad and Tobago,SEAR,2020,0.26
United States of America,SEAR,2020,0.4
Uruguay,EMR,2020,0.66
Venezuela (Bolivarian Republic of),EMR,2020,0.73
Afghanistan,EUR,2020,0.21
Bahrain,EUR,2020,0.72
Djibouti,EUR,2020,. . .
Egypt,AMR,2020,0.79
Iran (Islamic Republic of),WPR,2020,0.16
Iraq,EMR,2020,0.08
Jordan,EUR,2020,0.78
Kuwait,AFR,2020,0.19
Lebanon,WPR,2020,0.1
Libya,EMR,2020,0.09
Morocco,EUR,2020,0.76
Oman,WPR,2020,0.64
Pakistan,EUR,2020,0.61
Qatar,EMR,2020,0.68
Saudi Arabia,AFR,2020,0.74
Somalia,AFR,2020,0.07
Sudan,EMR,2020,0.73
Syrian Arab Republic,EUR,2020,0.42
Tunisia,EUR,2020,0.7
United Arab Emirates,AFR,2020,0.73
Occupied Palestinian territory,AFR,2020,0.93
Yemen,WPR,2020,0.51
Albania,SEAR,2020,0.67
Andorra,AFR,2020,0.78
Armenia,EUR,2020,0.44
Austria,WPR,2020,0.75
Azerbaijan,AFR,2020,0.5
Belarus,AFR,2020,0.56
Belgium,AMR,2020,0.77
Bosnia and Herzegovina,WPR,2020,0.84
Bulgaria,EUR,2020,0.85
Croatia,WPR,2020,0.84
Cyprus,EUR,2020,0.74
Czechia,EMR,2020,0.77
Denmark,AFR,2020,0.78
Estonia,SEAR,2020,0.88
Finland,AFR,2020,0.88
France,WPR,2020,0.83
Georgia,SEAR,2020,0.81
Germany,EUR,2020,0.64
Greece,WPR,2020,0.81
Hungary,AMR,2020,0.73
Iceland,AFR,2020,0.55
Ireland,AFR,2020,0.79
Israel,WPR,2020,0.83
Italy,EUR,2020,0.77
Kazakhstan,EUR,2020,0.56
Kyrgyzstan,EMR,2020,0.53
Latvia,EMR,2020,0.8
Lithuania,WPR,2020,0.74
Luxembourg,AMR,2020,0.68
Malta,WPR,2020,0.78
Monaco,AMR,2020,. . .
Montenegro,AMR,2020,0.77
Netherlands,WPR,2020,0.77
Norway,EUR,2020,0.62
Poland,EUR,2020,0.78
Portugal,EMR,2020,0.79
Republic of Moldova,WPR,2020,0.62
Romania,EUR,2020,0.7
Russian Federation,EUR,2020,0.56
San Marino,EUR,2020,. . .
Serbia,AFR,2020,0.77
Slovakia,AMR,2020,0.76
Slovenia,AMR,2020,0.79
Spain,AMR,2020,0.78
Sweden,WPR,2020,0.68
Switzerland,EUR,2020,0.6
Tajikistan,AFR,2020,0.42
North Macedonia,EMR,2020,0.8
Turkey,AFR,2020,0.85
Turkmenistan,EUR,2020,0.42
Ukraine,AFR,2020,0.69
United Kingdom of Great Britain and Northern Ireland,AFR,2020,0.79
Uzbekistan,WPR,2020,0.56
Bangladesh,EUR,2020,0.73
Bhutan,EUR,2020,0.08
Democratic People's Republic of Korea,WPR,2020,0
India,EMR,2020,0.58
Indonesia,AFR,2020,0.62
Maldives,,2020,0.66
Myanmar,EUR,2020,0.5
Nepal,SEAR,2020,0.27
Sri Lanka,EMR,2020,0.77
Thailand,AMR,2020,0.79
Timor-Leste,EUR,2020,0.22
Australia,EUR,2020,0.74
Brunei Darussalam,EMR,2020,—
Cambodia,EUR,2020,0.26
China,SEAR,2020,0.54
Cook Islands,SEAR,2020,. . .
Fiji,AFR,2020,0.37
Japan,WPR,2020,0.61
Kiribati,AMR,2020,0.41
Lao People's Democratic Republic,EMR,2020,0.12
Malaysia,EUR,2020,0.51
Marshall Islands,EUR,2020,0.54
Micronesia (Federated States of),WPR,2020,0.47
Mongolia,AFR,2020,0.45
Nauru,EUR,2020,0.42
New Zealand,EMR,2020,0.82
Niue,EUR,2020,0.58
Palau,AFR,2020,0.71
Papua New Guinea,AMR,2020,0.53
Philippines,AMR,2020,0.56
Republic of Korea,EUR,2020,0.74
Samoa,WPR,2020,0.49
Singapore,AMR,2020,0.67
Solomon Islands,WPR,2020,. . .
Tonga,EMR,2020,0.67
Tuvalu,EMR,2020,0.39
Vanuatu,AFR,2020,0.53
Viet Nam,AFR,2020,0.39
Algeria,EMR,2018,0.34
Angola,EUR,2018,0.24
Benin,AFR,2018,0.05
Botswana,EUR,2018,0.5
Burkina Faso,AFR,2018,0.42
Burundi,AMR,2018,0.43
Cabo Verde,AMR,2018,0.11
Cameroon,EUR,2018,0.42
Central African Republic,WPR,2018,0.42
Chad,EUR,2018,0.34
Comoros,EUR,2018,0.71
Congo,AMR,2018,0.37
Côte d'Ivoire,EMR,2018,0.33
Democratic Republic of the Congo,SEAR,2018,0.39
Equatorial Guinea,AMR,2018,0.25
Eritrea,EUR,2018,0.55
Ethiopia,EUR,2018,0.19
Gabon,AMR,2018,0.21
Gambia,AFR,2018,0.46
Ghana,SEAR,2018,0.31
Guinea,AMR,2018,. . .
Guinea-Bissau,EUR,2018,0.07
Kenya,AFR,2018,0.52
Lesotho,AMR,2018,0.51
Liberia,WPR,2018,0.35
Madagascar,EUR,2018,0.8
Malawi,AFR,2018,. . .
Mali,AFR,2018,0.28
Mauritania,WPR,2018,0.1
Mauritius,AFR,2018,0.84
Mozambique,AMR,2018,0.29
Namibia,AFR,2018,0.44
Niger,AFR,2018,0.31
Nigeria,AFR,2018,0.3
Rwanda,AMR,2018,0.56
Sao Tome and Principe,WPR,2018,0.4
Senegal,AMR,2018,0.38
Seychelles,AFR,2018,0.7
Sierra Leone,AFR,2018,0.18
South Africa,WPR,2018,0.55
South Sudan,AMR,2018,. . .
Eswatini,AFR,2018,0.53
Togo,EUR,2018,0.22
Uganda,AMR,2018,0.4
United Republic of Tanzania,EUR,2018,0.32
Zambia,EUR,2018,0.41
Zimbabwe,SEAR,2018,0.36
Antigua and Barbuda,AFR,2018,0.13
Argentina,EUR,2018,0.77
Bahamas,EMR,2018,. . .
Barbados,AMR,2018,0.47
Belize,AMR,2018,0.44
Bolivia,AMR,2018,0.37
Brazil,EMR,2018,0.83
Canada,AMR,2018,0.64
Chile,AFR,2018,0.82
Colombia,AFR,2018,0.78
Costa Rica,EUR,2018,0.55
Cuba,AFR,2018,0.7
Dominica,AFR,2018,0.24
Dominican Republic,WPR,2018,0.51
Ecuador,EUR,2018,0.7
El Salvador,EUR,2018,0.48
Grenada,AFR,2018,0.44
Guatemala,AFR,2018,0.49
Guyana,EUR,2018,0.28
Haiti,EUR,2018,. . .
Honduras,AFR,2018,0.42
Jamaica,EUR,2018,0.44
Mexico,AMR,2018,0.67
Nicaragua,AMR,2018,0.4
Panama,AFR,2018,0.57
Paraguay,AFR,2018,0.17
Peru,AMR,2018,0.49
Saint Kitts and Nevis,AMR,2018,0.2
Saint Lucia,AMR,2018,0.51
Saint Vincent and the Grenadines,EUR,2018,0.17
Suriname,EUR,2018,0.48
Trinidad and Tobago,SEAR,2018,0.26
United States of America,SEAR,2018,0.43
Uruguay,EMR,2018,0.66
Venezuela (Bolivarian Republic of),EMR,2018,0.73
Afghanistan,EUR,2018,0.21
Bahrain,EUR,2018,0.7
Djibouti,EUR,2018,. . .
Egypt,AMR,2018,0.77
Iran (Islamic Republic of),WPR,2018,0.2
Iraq,EMR,2018,0.08
Jordan,EUR,2018,0.81
Kuwait,AFR,2018,0.21
Lebanon,WPR,2018,0.09
Libya,EMR,2018,0.13
Morocco,EUR,2018,0.71
Oman,WPR,2018,0.25
Pakistan,EUR,2018,0.56
Qatar,EMR,2018,0.4
Saudi Arabia,AFR,2018,0.68
Somalia,AFR,2018,0.07
Sudan,EMR,2018,0.7
Syrian Arab Republic,EUR,2018,0.42
Tunisia,EUR,2018,0.72
United Arab Emirates,AFR,2018,0.74
Occupied Palestinian territory,AFR,2018,0.83
Yemen,WPR,2018,0.51
Albania,SEAR,2018,0.65
Andorra,AFR,2018,0.79
Armenia,EUR,2018,0.38
Austria,WPR,2018,0.75
Azerbaijan,AFR,2018,0.35
Belarus,AFR,2018,0.51
Belgium,AMR,2018,0.77
Bosnia and Herzegovina,WPR,2018,0.84
Bulgaria,EUR,2018,0.87
Croatia,WPR,2018,0.79
Cyprus,EUR,2018,0.74
Czechia,EMR,2018,0.75
Denmark,AFR,2018,0.74
Estonia,SEAR,2018,0.86
Finland,AFR,2018,0.87
France,WPR,2018,0.82
Georgia,SEAR,2018,0.71
Germany,EUR,2018,0.68
Greece,WPR,2018,0.81
Hungary,AMR,2018,0.72
Iceland,AFR,2018,0.55
Ireland,AFR,2018,0.78
Israel,WPR,2018,0.76
Italy,EUR,2018,0.76
Kazakhstan,EUR,2018,0.52
Kyrgyzstan,EMR,2018,0.49
Latvia,EMR,2018,0.8
Lithuania,WPR,2018,0.74
Luxembourg,AMR,2018,0.68
Malta,WPR,2018,0.78
Monaco,AMR,2018,. . .
Montenegro,AMR,2018,0.81
Netherlands,WPR,2018,0.72
Norway,EUR,2018,0.64
Poland,EUR,2018,0.77
Portugal,EMR,2018,0.72
Republic of Moldova,WPR,2018,0.58
Romania,EUR,2018,0.69
Russian Federation,EUR,2018,0.57
San Marino,EUR,2018,. . .
Serbia,AFR,2018,0.77
Slovakia,AMR,2018,0.77
Slovenia,AMR,2018,0.79
Spain,AMR,2018,0.78
Sweden,WPR,2018,0.68
Switzerland,EUR,2018,0.6
Tajikistan,AFR,2018,0.43
North Macedonia,EMR,2018,0.81
Turkey,AFR,2018,0.81
Turkmenistan,EUR,2018,0.32
Ukraine,AFR,2018,0.75
United Kingdom of Great Britain and Northern Ireland,AFR,2018,0.79
Uzbekistan,WPR,2018,0.45
Bangladesh,EUR,2018,0.71
Bhutan,EUR,2018,—
Democratic People's Republic of Korea,WPR,2018,0
India,EMR,2018,0.54
Indonesia,AFR,2018,0.53
Maldives,,2018,0.69
Myanmar,EUR,2018,0.33
Nepal,SEAR,2018,0.3
Sri Lanka,EMR,2018,0.66
Thailand,AMR,2018,0.79
Timor-Leste,EUR,2018,0.22
Australia,EUR,2018,0.78
Brunei Darussalam,EMR,2018,—
Cambodia,EUR,2018,0.25
China,SEAR,2018,0.56
Cook Islands,SEAR,2018,0.7
Fiji,AFR,2018,0.42
Japan,WPR,2018,0.63
Kiribati,AMR,2018,0.42
Lao People's Democratic Republic,EMR,2018,0.19
Malaysia,EUR,2018,0.59
Marshall Islands,EUR,2018,0.54
Micronesia (Federated States of),WPR,2018,0.49
Mongolia,AFR,2018,0.47
Nauru,EUR,2018,0.48
New Zealand,EMR,2018,0.82
Niue,EUR,2018,0.88
Palau,AFR,2018,0.73
Papua New Guinea,AMR,2018,0.54
Philippines,AMR,2018,0.71
Republic of Korea,EUR,2018,0.74
Samoa,WPR,2018,0.5
Singapore,AMR,2018,0.67
Solomon Islands,WPR,2018,0.34
Tonga,EMR,2018,0.62
Tuvalu,EMR,2018,0.3
Vanuatu,AFR,2018,0.53
Viet Nam,AFR,2018,0.37
Algeria,EMR,2016,0.37
Angola,EUR,2016,. . .
Benin,AFR,2016,0.06
Botswana,EUR,2016,0.5
Burkina Faso,AFR,2016,0.35
Burundi,AMR,2016,0.43
Cabo Verde,AMR,2016,0.11
Cameroon,EUR,2016,0.47
Central African Republic,WPR,2016,. . .
Chad,EUR,2016,0.34
Comoros,EUR,2016,0.37
Congo,AMR,2016,0.37
Côte d'Ivoire,EMR,2016,0.31
Democratic Republic of the Congo,SEAR,2016,0.34
Equatorial Guinea,AMR,2016,0.3
Eritrea,EUR,2016,0.55
Ethiopia,EUR,2016,0.19
Gabon,AMR,2016,0.25
Gambia,AFR,2016,0.54
Ghana,SEAR,2016,0.28
Guinea,AMR,2016,0.16
Guinea-Bissau,EUR,2016,0.07
Kenya,AFR,2016,0.52
Lesotho,AMR,2016,. . .
Liberia,WPR,2016,0.23
Madagascar,EUR,2016,0.8
Malawi,AFR,2016,. . .
Mali,AFR,2016,0.28
Mauritania,WPR,2016,0.1
Mauritius,AFR,2016,0.7
Mozambique,AMR,2016,0.31
Namibia,AFR,2016,0.43
Niger,AFR,2016,0.35
Nigeria,AFR,2016,0.21
Rwanda,AMR,2016,0.56
Sao Tome and Principe,WPR,2016,0.25
Senegal,AMR,2016,0.38
Seychelles,AFR,2016,0.71
Sierra Leone,AFR,2016,0.13
South Africa,WPR,2016,0.5
South Sudan,AMR,2016,0.76
Eswatini,AFR,2016,0.5
Togo,EUR,2016,0.22
Uganda,AMR,2016,0.42
United Republic of Tanzania,EUR,2016,0.34
Zambia,EUR,2016,0.37
Zimbabwe,SEAR,2016,0.36
Antigua and Barbuda,AFR,2016,0.15
Argentina,EUR,2016,0.8
Bahamas,EMR,2016,0.4
Barbados,AMR,2016,0.4
Belize,AMR,2016,0.37
Bolivia,AMR,2016,0.39
Brazil,EMR,2016,0.68
Canada,AMR,2016,0.66
Chile,AFR,2016,0.89
Colombia,AFR,2016,0.5
Costa Rica,EUR,2016,0.56
Cuba,AFR,2016,0.7
Dominica,AFR,2016,0.24
Dominican Republic,WPR,2016,0.57
Ecuador,EUR,2016,0.74
El Salvador,EUR,2016,0.53
Grenada,AFR,2016,0.47
Guatemala,AFR,2016,0.49
Guyana,EUR,2016,0.25
Haiti,EUR,2016,0.31
Honduras,AFR,2016,0.34
Jamaica,EUR,2016,0.44
Mexico,AMR,2016,0.67
Nicaragua,AMR,2016,0.35
Panama,AFR,2016,0.57
Paraguay,AFR,2016,0.17
Peru,AMR,2016,0.5
Saint Kitts and Nevis,AMR,2016,0.2
Saint Lucia,AMR,2016,0.57
Saint Vincent and the Grenadines,EUR,2016,0.21
Suriname,EUR,2016,0.64
Trinidad and Tobago,SEAR,2016,0.26
United States of America,SEAR,2016,0.43
Uruguay,EMR,2016,0.66
Venezuela (Bolivarian Republic of),EMR,2016,0.73
Afghanistan,EUR,2016,0.2
Bahrain,EUR,2016,0.13
Djibouti,EUR,2016,0.29
Egypt,AMR,2016,0.74
Iran (Islamic Republic of),WPR,2016,0.35
Iraq,EMR,2016,0.06
Jordan,EUR,2016,0.83
Kuwait,AFR,2016,0.25
Lebanon,WPR,2016,0.41
Libya,EMR,2016,0.16
Morocco,EUR,2016,0.71
Oman,WPR,2016,0.2
Pakistan,EUR,2016,0.65
Qatar,EMR,2016,0.2
Saudi Arabia,AFR,2016,0.17
Somalia,AFR,2016,0.04
Sudan,EMR,2016,0.7
Syrian Arab Republic,EUR,2016,0.42
Tunisia,EUR,2016,0.75
United Arab Emirates,AFR,2016,0.18
Occupied Palestinian territory,AFR,2016,0.83
Yemen,WPR,2016,0.53
Albania,SEAR,2016,0.66
Andorra,AFR,2016,0.75
Armenia,EUR,2016,0.35
Austria,WPR,2016,0.76
Azerbaijan,AFR,2016,0.18
Belarus,AFR,2016,0.49
Belgium,AMR,2016,0.76
Bosnia and Herzegovina,WPR,2016,0.84
Bulgaria,EUR,2016,0.85
Croatia,WPR,2016,0.77
Cyprus,EUR,2016,0.78
Czechia,EMR,2016,0.77
Denmark,AFR,2016,0.75
Estonia,SEAR,2016,0.77
Finland,AFR,2016,0.85
France,WPR,2016,0.8
Georgia,SEAR,2016,0.69
Germany,EUR,2016,0.7
Greece,WPR,2016,0.81
Hungary,AMR,2016,0.74
Iceland,AFR,2016,0.56
Ireland,AFR,2016,0.78
Israel,WPR,2016,0.76
Italy,EUR,2016,0.76
Kazakhstan,EUR,2016,0.45
Kyrgyzstan,EMR,2016,0.39
Latvia,EMR,2016,0.8
Lithuania,WPR,2016,0.75
Luxembourg,AMR,2016,0.71
Malta,WPR,2016,0.78
Monaco,AMR,2016,. . .
Montenegro,AMR,2016,0.75
Netherlands,WPR,2016,0.72
Norway,EUR,2016,0.66
Poland,EUR,2016,0.78
Portugal,EMR,2016,0.74
Republic of Moldova,WPR,2016,0.59
Romania,EUR,2016,0.72
Russian Federation,EUR,2016,0.51
San Marino,EUR,2016,0.74
Serbia,AFR,2016,0.78
Slovakia,AMR,2016,0.78
Slovenia,AMR,2016,0.79
Spain,AMR,2016,0.78
Sweden,WPR,2016,0.69
Switzerland,EUR,2016,0.61
Tajikistan,AFR,2016,0.28
North Macedonia,EMR,2016,0.71
Turkey,AFR,2016,0.83
Turkmenistan,EUR,2016,0.27
Ukraine,AFR,2016,0.79
United Kingdom of Great Britain and Northern Ireland,AFR,2016,0.81
Uzbekistan,WPR,2016,0.36
Bangladesh,EUR,2016,0.66
Bhutan,EUR,2016,—
Democratic People's Republic of Korea,WPR,2016,0
India,EMR,2016,0.53
Indonesia,AFR,2016,0.57
Maldives,,2016,0.53
Myanmar,EUR,2016,0.35
Nepal,SEAR,2016,0.26
Sri Lanka,EMR,2016,0.62
Thailand,AMR,2016,0.73
Timor-Leste,EUR,2016,0.28
Australia,EUR,2016,0.6
Brunei Darussalam,EMR,2016,—
Cambodia,EUR,2016,0.25
China,SEAR,2016,0.56
Cook Islands,SEAR,2016,0.74
Fiji,AFR,2016,0.39
Japan,WPR,2016,0.63
Kiribati,AMR,2016,0.42
Lao People's Democratic Republic,EMR,2016,0.18
Malaysia,EUR,2016,0.53
Marshall Islands,EUR,2016,0.54
Micronesia (Federated States of),WPR,2016,0.6
Mongolia,AFR,2016,0.53
Nauru,EUR,2016,0.51
New Zealand,EMR,2016,0.75
Niue,EUR,2016,0.84
Palau,AFR,2016,0.74
Papua New Guinea,AMR,2016,0.37
Philippines,AMR,2016,0.63
Republic of Korea,EUR,2016,0.74
Samoa,WPR,2016,0.52
Singapore,AMR,2016,0.66
Solomon Islands,WPR,2016,0.29
Tonga,EMR,2016,0.67
Tuvalu,EMR,2016,0.51
Vanuatu,AFR,2016,0.52
Viet Nam,AFR,2016,0.36
Algeria,EMR,2014,0.35
Angola,EUR,2014,0.24
Benin,AFR,2014,0.09
Botswana,EUR,2014,0.55
Burkina Faso,AFR,2014,0.32
Burundi,AMR,2014,0.43
Cabo Verde,AMR,2014,0.11
Cameroon,EUR,2014,0.4
Central African Republic,WPR,2014,0.33
Chad,EUR,2014,0.31
Comoros,EUR,2014,0.51
Congo,AMR,2014,0.38
Côte d'Ivoire,EMR,2014,0.26
Democratic Republic of the Congo,SEAR,2014,0.48
Equatorial Guinea,AMR,2014,0.31
Eritrea,EUR,2014,0.55
Ethiopia,EUR,2014,0.19
Gabon,AMR,2014,0.21
Gambia,AFR,2014,0.46
Ghana,SEAR,2014,0.28
Guinea,AMR,2014,. . .
Guinea-Bissau,EUR,2014,0.08
Kenya,AFR,2014,0.49
Lesotho,AMR,2014,0.46
Liberia,WPR,2014,0.23
Madagascar,EUR,2014,0.8
Malawi,AFR,2014,0.21
Mali,AFR,2014,0.28
Mauritania,WPR,2014,0.07
Mauritius,AFR,2014,0.73
Mozambique,AMR,2014,0.31
Namibia,AFR,2014,0.42
Niger,AFR,2014,0.28
Nigeria,AFR,2014,0.21
Rwanda,AMR,2014,0.33
Sao Tome and Principe,WPR,2014,0.25
Senegal,AMR,2014,0.35
Seychelles,AFR,2014,0.8
Sierra Leone,AFR,2014,0.13
South Africa,WPR,2014,0.49
South Sudan,AMR,2014,. . .
Eswatini,AFR,2014,0.46
Togo,EUR,2014,0.24
Uganda,AMR,2014,0.36
United Republic of Tanzania,EUR,2014,0.31
Zambia,EUR,2014,0.34
Zimbabwe,SEAR,2014,0.36
Antigua and Barbuda,AFR,2014,0.15
Argentina,EUR,2014,0.7
Bahamas,EMR,2014,0.43
Barbados,AMR,2014,0.42
Belize,AMR,2014,0.37
Bolivia,AMR,2014,0.39
Brazil,EMR,2014,0.65
Canada,AMR,2014,0.7
Chile,AFR,2014,0.83
Colombia,AFR,2014,0.49
Costa Rica,EUR,2014,0.57
Cuba,AFR,2014,0.7
Dominica,AFR,2014,0.23
Dominican Republic,WPR,2014,0.59
Ecuador,EUR,2014,0.7
El Salvador,EUR,2014,0.53
Grenada,AFR,2014,0.48
Guatemala,AFR,2014,0.49
Guyana,EUR,2014,0.25
Haiti,EUR,2014,. . .
Honduras,AFR,2014,0.37
Jamaica,EUR,2014,0.43
Mexico,AMR,2014,0.68
Nicaragua,AMR,2014,0.32
Panama,AFR,2014,0.57
Paraguay,AFR,2014,0.16
Peru,AMR,2014,0.38
Saint Kitts and Nevis,AMR,2014,0.2
Saint Lucia,AMR,2014,0.63
Saint Vincent and the Grenadines,EUR,2014,0.16
Suriname,EUR,2014,0.55
Trinidad and Tobago,SEAR,2014,0.3
United States of America,SEAR,2014,0.43
Uruguay,EMR,2014,0.67
Venezuela (Bolivarian Republic of),EMR,2014,0.71
Afghanistan,EUR,2014,0.28
Bahrain,EUR,2014,0.2
Djibouti,EUR,2014,0.29
Egypt,AMR,2014,0.73
Iran (Islamic Republic of),WPR,2014,0.11
Iraq,EMR,2014,0.06
Jordan,EUR,2014,0.83
Kuwait,AFR,2014,0.24
Lebanon,WPR,2014,0.43
Libya,EMR,2014,0.08
Morocco,EUR,2014,0.7
Oman,WPR,2014,0.22
Pakistan,EUR,2014,0.61
Qatar,EMR,2014,0.2
Saudi Arabia,AFR,2014,0.2
Somalia,AFR,2014,. . .
Sudan,EMR,2014,0.68
Syrian Arab Republic,EUR,2014,. . .
Tunisia,EUR,2014,0.75
United Arab Emirates,AFR,2014,0.2
Occupied Palestinian territory,AFR,2014,0.83
Yemen,WPR,2014,0.54
Albania,SEAR,2014,0.64
Andorra,AFR,2014,0.68
Armenia,EUR,2014,0.33
Austria,WPR,2014,0.74
Azerbaijan,AFR,2014,0.17
Belarus,AFR,2014,0.52
Belgium,AMR,2014,0.76
Bosnia and Herzegovina,WPR,2014,0.82
Bulgaria,EUR,2014,0.86
Croatia,WPR,2014,0.75
Cyprus,EUR,2014,0.77
Czechia,EMR,2014,0.77
Denmark,AFR,2014,0.75
Estonia,SEAR,2014,0.77
Finland,AFR,2014,0.82
France,WPR,2014,0.8
Georgia,SEAR,2014,0.49
Germany,EUR,2014,0.73
Greece,WPR,2014,0.8
Hungary,AMR,2014,0.77
Iceland,AFR,2014,0.56
Ireland,AFR,2014,0.78
Israel,WPR,2014,0.81
Italy,EUR,2014,0.76
Kazakhstan,EUR,2014,0.39
Kyrgyzstan,EMR,2014,0.39
Latvia,EMR,2014,0.77
Lithuania,WPR,2014,0.76
Luxembourg,AMR,2014,0.7
Malta,WPR,2014,0.75
Monaco,AMR,2014,. . .
Montenegro,AMR,2014,0.78
Netherlands,WPR,2014,0.73
Norway,EUR,2014,0.69
Poland,EUR,2014,0.8
Portugal,EMR,2014,0.75
Republic of Moldova,WPR,2014,0.51
Romania,EUR,2014,0.75
Russian Federation,EUR,2014,0.48
San Marino,EUR,2014,0.74
Serbia,AFR,2014,0.78
Slovakia,AMR,2014,0.82
Slovenia,AMR,2014,0.8
Spain,AMR,2014,0.78
Sweden,WPR,2014,0.69
Switzerland,EUR,2014,0.61
Tajikistan,AFR,2014,0.26
North Macedonia,EMR,2014,0.73
Turkey,AFR,2014,0.82
Turkmenistan,EUR,2014,0.26
Ukraine,AFR,2014,0.81
United Kingdom of Great Britain and Northern Ireland,AFR,2014,0.82
Uzbekistan,WPR,2014,0.33
Bangladesh,EUR,2014,0.58
Bhutan,EUR,2014,—
Democratic People's Republic of Korea,WPR,2014,0
India,EMR,2014,0.41
Indonesia,AFR,2014,0.53
Maldives,,2014,0.66
Myanmar,EUR,2014,0.5
Nepal,SEAR,2014,0.28
Sri Lanka,EMR,2014,0.7
Thailand,AMR,2014,0.73
Timor-Leste,EUR,2014,0.34
Australia,EUR,2014,0.57
Brunei Darussalam,EMR,2014,—
Cambodia,EUR,2014,0.22
China,SEAR,2014,0.52
Cook Islands,SEAR,2014,0.61
Fiji,AFR,2014,0.44
Japan,WPR,2014,0.64
Kiribati,AMR,2014,0.49
Lao People's Democratic Republic,EMR,2014,0.17
Malaysia,EUR,2014,0.55
Marshall Islands,EUR,2014,0.63
Micronesia (Federated States of),WPR,2014,0.58
Mongolia,AFR,2014,0.67
Nauru,EUR,2014,. . .
New Zealand,EMR,2014,0.77
Niue,EUR,2014,0.82
Palau,AFR,2014,0.67
Papua New Guinea,AMR,2014,0.36
Philippines,AMR,2014,0.74
Republic of Korea,EUR,2014,0.62
Samoa,WPR,2014,0.55
Singapore,AMR,2014,0.66
Solomon Islands,WPR,2014,0.28
Tonga,EMR,2014,0.61
Tuvalu,EMR,2014,0.03
Vanuatu,AFR,2014,0.52
Viet Nam,AFR,2014,0.32
Algeria,EMR,2012,0.51
Angola,EUR,2012,0.23
Benin,AFR,2012,0.09
Botswana,EUR,2012,0.49
Burkina Faso,AFR,2012,0.32
Burundi,AMR,2012,0.54
Cabo Verde,AMR,2012,0.11
Cameroon,EUR,2012,0.42
Central African Republic,WPR,2012,. . .
Chad,EUR,2012,0.25
Comoros,EUR,2012,0.51
Congo,AMR,2012,0.32
Côte d'Ivoire,EMR,2012,0.25
Democratic Republic of the Congo,SEAR,2012,0.39
Equatorial Guinea,AMR,2012,0.28
Eritrea,EUR,2012,0.55
Ethiopia,EUR,2012,0.34
Gabon,AMR,2012,0.21
Gambia,AFR,2012,0.38
Ghana,SEAR,2012,0.23
Guinea,AMR,2012,0.11
Guinea-Bissau,EUR,2012,0.06
Kenya,AFR,2012,0.49
Lesotho,AMR,2012,0.45
Liberia,WPR,2012,0.2
Madagascar,EUR,2012,0.76
Malawi,AFR,2012,0.26
Mali,AFR,2012,0.28
Mauritania,WPR,2012,0.04
Mauritius,AFR,2012,0.73
Mozambique,AMR,2012,0.24
Namibia,AFR,2012,0.48
Niger,AFR,2012,0.31
Nigeria,AFR,2012,0.21
Rwanda,AMR,2012,0.34
Sao Tome and Principe,WPR,2012,0.25
Senegal,AMR,2012,0.3
Seychelles,AFR,2012,0.67
Sierra Leone,AFR,2012,0.13
South Africa,WPR,2012,0.49
South Sudan,AMR,2012,. . .
Eswatini,AFR,2012,. . .
Togo,EUR,2012,0.22
Uganda,AMR,2012,0.35
United Republic of Tanzania,EUR,2012,0.28
Zambia,EUR,2012,0.36
Zimbabwe,SEAR,2012,0.33
Antigua and Barbuda,AFR,2012,0.15
Argentina,EUR,2012,0.7
Bahamas,EMR,2012,0.26
Barbados,AMR,2012,0.48
Belize,AMR,2012,0.37
Bolivia,AMR,2012,0.39
Brazil,EMR,2012,0.63
Canada,AMR,2012,0.64
Chile,AFR,2012,0.82
Colombia,AFR,2012,0.51
Costa Rica,EUR,2012,0.58
Cuba,AFR,2012,0.78
Dominica,AFR,2012,0.23
Dominican Republic,WPR,2012,0.59
Ecuador,EUR,2012,0.73
El Salvador,EUR,2012,0.53
Grenada,AFR,2012,. . .
Guatemala,AFR,2012,0.49
Guyana,EUR,2012,0.25
Haiti,EUR,2012,. . .
Honduras,AFR,2012,0.34
Jamaica,EUR,2012,0.46
Mexico,AMR,2012,0.68
Nicaragua,AMR,2012,0.29
Panama,AFR,2012,0.57
Paraguay,AFR,2012,0.17
Peru,AMR,2012,0.42
Saint Kitts and Nevis,AMR,2012,0.2
Saint Lucia,AMR,2012,0.3
Saint Vincent and the Grenadines,EUR,2012,0.17
Suriname,EUR,2012,0.6
Trinidad and Tobago,SEAR,2012,0.33
United States of America,SEAR,2012,0.43
Uruguay,EMR,2012,0.69
Venezuela (Bolivarian Republic of),EMR,2012,0.71
Afghanistan,EUR,2012,0.02
Bahrain,EUR,2012,0.2
Djibouti,EUR,2012,0.29
Egypt,AMR,2012,0.73
Iran (Islamic Republic of),WPR,2012,0.03
Iraq,EMR,2012,0.01
Jordan,EUR,2012,0.77
Kuwait,AFR,2012,0.29
Lebanon,WPR,2012,0.43
Libya,EMR,2012,0.16
Morocco,EUR,2012,0.68
Oman,WPR,2012,0.22
Pakistan,EUR,2012,0.6
Qatar,EMR,2012,0.22
Saudi Arabia,AFR,2012,0.22
Somalia,AFR,2012,0.04
Sudan,EMR,2012,0.68
Syrian Arab Republic,EUR,2012,0.33
Tunisia,EUR,2012,0.78
United Arab Emirates,AFR,2012,0.25
Occupied Palestinian territory,AFR,2012,0.83
Yemen,WPR,2012,0.53
Albania,SEAR,2012,0.61
Andorra,AFR,2012,0.56
Armenia,EUR,2012,0.25
Austria,WPR,2012,0.74
Azerbaijan,AFR,2012,0.19
Belarus,AFR,2012,0.36
Belgium,AMR,2012,0.76
Bosnia and Herzegovina,WPR,2012,0.75
Bulgaria,EUR,2012,0.84
Croatia,WPR,2012,0.71
Cyprus,EUR,2012,0.76
Czechia,EMR,2012,0.78
Denmark,AFR,2012,0.79
Estonia,SEAR,2012,0.77
Finland,AFR,2012,0.8
France,WPR,2012,0.8
Georgia,SEAR,2012,0.47
Germany,EUR,2012,0.73
Greece,WPR,2012,0.82
Hungary,AMR,2012,0.84
Iceland,AFR,2012,0.57
Ireland,AFR,2012,0.79
Israel,WPR,2012,0.77
Italy,EUR,2012,0.75
Kazakhstan,EUR,2012,0.3
Kyrgyzstan,EMR,2012,0.32
Latvia,EMR,2012,0.79
Lithuania,WPR,2012,0.75
Luxembourg,AMR,2012,0.71
Malta,WPR,2012,0.77
Monaco,AMR,2012,. . .
Montenegro,AMR,2012,0.81
Netherlands,WPR,2012,0.72
Norway,EUR,2012,0.73
Poland,EUR,2012,0.8
Portugal,EMR,2012,0.76
Republic of Moldova,WPR,2012,0.44
Romania,EUR,2012,0.73
Russian Federation,EUR,2012,0.4
San Marino,EUR,2012,0.74
Serbia,AFR,2012,0.81
Slovakia,AMR,2012,0.82
Slovenia,AMR,2012,0.79
Spain,AMR,2012,0.79
Sweden,WPR,2012,0.74
Switzerland,EUR,2012,0.62
Tajikistan,AFR,2012,0.31
North Macedonia,EMR,2012,0.71
Turkey,AFR,2012,0.8
Turkmenistan,EUR,2012,0.3
Ukraine,AFR,2012,0.67
United Kingdom of Great Britain and Northern Ireland,AFR,2012,0.8
Uzbekistan,WPR,2012,0.29
Bangladesh,EUR,2012,0.54
Bhutan,EUR,2012,—
Democratic People's Republic of Korea,WPR,2012,. . .
India,EMR,2012,0.42
Indonesia,AFR,2012,0.51
Maldives,,2012,0.49
Myanmar,EUR,2012,0.5
Nepal,SEAR,2012,0.3
Sri Lanka,EMR,2012,0.74
Thailand,AMR,2012,0.7
Timor-Leste,EUR,2012,0.34
Australia,EUR,2012,0.6
Brunei Darussalam,EMR,2012,0.68
Cambodia,EUR,2012,0.17
China,SEAR,2012,0.5
Cook Islands,SEAR,2012,0.71
Fiji,AFR,2012,0.41
Japan,WPR,2012,0.64
Kiribati,AMR,2012,0.52
Lao People's Democratic Republic,EMR,2012,0.2
Malaysia,EUR,2012,0.57
Marshall Islands,EUR,2012,0.4
Micronesia (Federated States of),WPR,2012,0.6
Mongolia,AFR,2012,0.49
Nauru,EUR,2012,. . .
New Zealand,EMR,2012,0.74
Niue,EUR,2012,0.67
Palau,AFR,2012,0.57
Papua New Guinea,AMR,2012,0.37
Philippines,AMR,2012,0.29
Republic of Korea,EUR,2012,0.62
Samoa,WPR,2012,0.6
Singapore,AMR,2012,0.66
Solomon Islands,WPR,2012,0.29
Tonga,EMR,2012,0.52
Tuvalu,EMR,2012,0.15
Vanuatu,AFR,2012,0.54
Viet Nam,AFR,2012,0.32
Algeria,EMR,2010,0.49
Angola,EUR,2010,. . .
Benin,AFR,2010,0.12
Botswana,EUR,2010,0.55
Burkina Faso,AFR,2010,0.32
Burundi,AMR,2010,0.56
Cabo Verde,AMR,2010,0.1
Cameroon,EUR,2010,0.31
Central African Republic,WPR,2010,0.33
Chad,EUR,2010,0.25
Comoros,EUR,2010,0.51
Congo,AMR,2010,0.32
Côte d'Ivoire,EMR,2010,0.25
Democratic Republic of the Congo,SEAR,2010,0.28
Equatorial Guinea,AMR,2010,0.22
Eritrea,EUR,2010,0.55
Ethiopia,EUR,2010,0.39
Gabon,AMR,2010,0.2
Gambia,AFR,2010,0.56
Ghana,SEAR,2010,0.22
Guinea,AMR,2010,0.13
Guinea-Bissau,EUR,2010,0.06
Kenya,AFR,2010,0.64
Lesotho,AMR,2010,0.45
Liberia,WPR,2010,0.19
Madagascar,EUR,2010,0.76
Malawi,AFR,2010,. . .
Mali,AFR,2010,0.22
Mauritania,WPR,2010,0.07
Mauritius,AFR,2010,0.72
Mozambique,AMR,2010,0.27
Namibia,AFR,2010,0.46
Niger,AFR,2010,0.3
Nigeria,AFR,2010,0.21
Rwanda,AMR,2010,0.38
Sao Tome and Principe,WPR,2010,0.25
Senegal,AMR,2010,0.3
Seychelles,AFR,2010,0.68
Sierra Leone,AFR,2010,0.13
South Africa,WPR,2010,0.48
South Sudan,AMR,2010,. . .
Eswatini,AFR,2010,0.45
Togo,EUR,2010,0.22
Uganda,AMR,2010,0.45
United Republic of Tanzania,EUR,2010,0.26
Zambia,EUR,2010,0.36
Zimbabwe,SEAR,2010,0.52
Antigua and Barbuda,AFR,2010,0.15
Argentina,EUR,2010,0.69
Bahamas,EMR,2010,0.31
Barbados,AMR,2010,0.48
Belize,AMR,2010,0.59
Bolivia,AMR,2010,0.38
Brazil,EMR,2010,0.59
Canada,AMR,2010,0.62
Chile,AFR,2010,0.76
Colombia,AFR,2010,0.5
Costa Rica,EUR,2010,0.42
Cuba,AFR,2010,. . .
Dominica,AFR,2010,0.26
Dominican Republic,WPR,2010,0.57
Ecuador,EUR,2010,0.64
El Salvador,EUR,2010,0.55
Grenada,AFR,2010,0.49
Guatemala,AFR,2010,0.52
Guyana,EUR,2010,0.25
Haiti,EUR,2010,. . .
Honduras,AFR,2010,0.39
Jamaica,EUR,2010,0.51
Mexico,AMR,2010,0.63
Nicaragua,AMR,2010,0.29
Panama,AFR,2010,0.59
Paraguay,AFR,2010,0.16
Peru,AMR,2010,0.47
Saint Kitts and Nevis,AMR,2010,0.14
Saint Lucia,AMR,2010,0.27
Saint Vincent and the Grenadines,EUR,2010,0.15
Suriname,EUR,2010,0.5
Trinidad and Tobago,SEAR,2010,0.34
United States of America,SEAR,2010,0.45
Uruguay,EMR,2010,0.72
Venezuela (Bolivarian Republic of),EMR,2010,0.71
Afghanistan,EUR,2010,0.04
Bahrain,EUR,2010,0.29
Djibouti,EUR,2010,0.26
Egypt,AMR,2010,0.74
Iran (Islamic Republic of),WPR,2010,0.03
Iraq,EMR,2010,0.01
Jordan,EUR,2010,0.8
Kuwait,AFR,2010,0.36
Lebanon,WPR,2010,0.47
Libya,EMR,2010,0.23
Morocco,EUR,2010,0.66
Oman,WPR,2010,0.31
Pakistan,EUR,2010,0.55
Qatar,EMR,2010,0.33
Saudi Arabia,AFR,2010,0.29
Somalia,AFR,2010,0.1
Sudan,EMR,2010,0.68
Syrian Arab Republic,EUR,2010,0.33
Tunisia,EUR,2010,0.86
United Arab Emirates,AFR,2010,0.29
Occupied Palestinian territory,AFR,2010,0.78
Yemen,WPR,2010,0.53
Albania,SEAR,2010,0.53
Andorra,AFR,2010,0.58
Armenia,EUR,2010,0.24
Austria,WPR,2010,0.73
Azerbaijan,AFR,2010,0.21
Belarus,AFR,2010,0.28
Belgium,AMR,2010,0.76
Bosnia and Herzegovina,WPR,2010,0.72
Bulgaria,EUR,2010,0.89
Croatia,WPR,2010,0.72
Cyprus,EUR,2010,0.72
Czechia,EMR,2010,0.79
Denmark,AFR,2010,0.75
Estonia,SEAR,2010,0.83
Finland,AFR,2010,0.79
France,WPR,2010,0.8
Georgia,SEAR,2010,0.49
Germany,EUR,2010,0.74
Greece,WPR,2010,0.86
Hungary,AMR,2010,0.79
Iceland,AFR,2010,0.56
Ireland,AFR,2010,0.79
Israel,WPR,2010,0.72
Italy,EUR,2010,0.75
Kazakhstan,EUR,2010,0.27
Kyrgyzstan,EMR,2010,0.26
Latvia,EMR,2010,0.81
Lithuania,WPR,2010,0.77
Luxembourg,AMR,2010,0.7
Malta,WPR,2010,0.76
Monaco,AMR,2010,0
Montenegro,AMR,2010,0.65
Netherlands,WPR,2010,0.73
Norway,EUR,2010,0.72
Poland,EUR,2010,0.86
Portugal,EMR,2010,0.79
Republic of Moldova,WPR,2010,0.3
Romania,EUR,2010,0.83
Russian Federation,EUR,2010,0.35
San Marino,EUR,2010,0.74
Serbia,AFR,2010,0.75
Slovakia,AMR,2010,0.83
Slovenia,AMR,2010,0.76
Spain,AMR,2010,0.78
Sweden,WPR,2010,0.72
Switzerland,EUR,2010,0.64
Tajikistan,AFR,2010,0.3
North Macedonia,EMR,2010,0.72
Turkey,AFR,2010,0.78
Turkmenistan,EUR,2010,0.58
Ukraine,AFR,2010,0.7
United Kingdom of Great Britain and Northern Ireland,AFR,2010,0.77
Uzbekistan,WPR,2010,0.3
Bangladesh,EUR,2010,0.48
Bhutan,EUR,2010,—
Democratic People's Republic of Korea,WPR,2010,. . .
India,EMR,2010,0.45
Indonesia,AFR,2010,0.54
Maldives,,2010,0.32
Myanmar,EUR,2010,0.25
Nepal,SEAR,2010,0.29
Sri Lanka,EMR,2010,0.74
Thailand,AMR,2010,0.69
Timor-Leste,EUR,2010,0
Australia,EUR,2010,0.64
Brunei Darussalam,EMR,2010,0.54
Cambodia,EUR,2010,0.17
China,SEAR,2010,0.49
Cook Islands,SEAR,2010,0.46
Fiji,AFR,2010,. . .
Japan,WPR,2010,0.63
Kiribati,AMR,2010,0.63
Lao People's Democratic Republic,EMR,2010,0.14
Malaysia,EUR,2010,0.52
Marshall Islands,EUR,2010,0.49
Micronesia (Federated States of),WPR,2010,0.67
Mongolia,AFR,2010,0.5
Nauru,EUR,2010,0.42
New Zealand,EMR,2010,0.8
Niue,EUR,2010,0.63
Palau,AFR,2010,0.57
Papua New Guinea,AMR,2010,. . .
Philippines,AMR,2010,0.28
Republic of Korea,EUR,2010,0.62
Samoa,WPR,2010,0.61
Singapore,AMR,2010,0.67
Solomon Islands,WPR,2010,. . .
Tonga,EMR,2010,0.56
Tuvalu,EMR,2010,0.16
Vanuatu,AFR,2010,0.56
Viet Nam,AFR,2010,0.32
Algeria,EMR,2008,0.52
Angola,EUR,2008,0.23
Benin,AFR,2008,0.07
Botswana,EUR,2008,0.43
Burkina Faso,AFR,2008,0.31
Burundi,AMR,2008,0.59
Cabo Verde,AMR,2008,0.1
Cameroon,EUR,2008,0.32
Central African Republic,WPR,2008,0.33
Chad,EUR,2008,0.25
Comoros,EUR,2008,0.42
Congo,AMR,2008,0.32
Côte d'Ivoire,EMR,2008,0.25
Democratic Republic of the Congo,SEAR,2008,0.29
Equatorial Guinea,AMR,2008,0.21
Eritrea,EUR,2008,0.55
Ethiopia,EUR,2008,0.25
Gabon,AMR,2008,0.17
Gambia,AFR,2008,0.52
Ghana,SEAR,2008,0.27
Guinea,AMR,2008,0.1
Guinea-Bissau,EUR,2008,0.06
Kenya,AFR,2008,0.76
Lesotho,AMR,2008,0.29
Liberia,WPR,2008,0.12
Madagascar,EUR,2008,0.67
Malawi,AFR,2008,0.49
Mali,AFR,2008,0.17
Mauritania,WPR,2008,0.09
Mauritius,AFR,2008,0.81
Mozambique,AMR,2008,0.48
Namibia,AFR,2008,0.43
Niger,AFR,2008,0.28
Nigeria,AFR,2008,0.21
Rwanda,AMR,2008,0.33
Sao Tome and Principe,WPR,2008,0.25
Senegal,AMR,2008,0.27
Seychelles,AFR,2008,0.76
Sierra Leone,AFR,2008,0.13
South Africa,WPR,2008,0.48
South Sudan,AMR,2008,. . .
Eswatini,AFR,2008,0.37
Togo,EUR,2008,0.2
Uganda,AMR,2008,0.59
United Republic of Tanzania,EUR,2008,0.35
Zambia,EUR,2008,0.47
Zimbabwe,SEAR,2008,0.43
Antigua and Barbuda,AFR,2008,0.15
Argentina,EUR,2008,0.69
Bahamas,EMR,2008,0.31
Barbados,AMR,2008,0.48
Belize,AMR,2008,0.57
Bolivia,AMR,2008,0.41
Brazil,EMR,2008,0.57
Canada,AMR,2008,0.65
Chile,AFR,2008,0.76
Colombia,AFR,2008,0.34
Costa Rica,EUR,2008,0.42
Cuba,AFR,2008,0.75
Dominica,AFR,2008,0.26
Dominican Republic,WPR,2008,0.57
Ecuador,EUR,2008,0.64
El Salvador,EUR,2008,0.41
Grenada,AFR,2008,0.41
Guatemala,AFR,2008,0.52
Guyana,EUR,2008,0.28
Haiti,EUR,2008,. . .
Honduras,AFR,2008,0.45
Jamaica,EUR,2008,0.44
Mexico,AMR,2008,0.61
Nicaragua,AMR,2008,0.2
Panama,AFR,2008,0.37
Paraguay,AFR,2008,0.16
Peru,AMR,2008,0.41
Saint Kitts and Nevis,AMR,2008,0.18
Saint Lucia,AMR,2008,0.3
Saint Vincent and the Grenadines,EUR,2008,0.15
Suriname,EUR,2008,0.57
Trinidad and Tobago,SEAR,2008,0.37
United States of America,SEAR,2008,0.37
Uruguay,EMR,2008,0.66
Venezuela (Bolivarian Republic of),EMR,2008,0.71
Afghanistan,EUR,2008,0.08
Bahrain,EUR,2008,0.33
Djibouti,EUR,2008,0.24
Egypt,AMR,2008,0.59
Iran (Islamic Republic of),WPR,2008,0.03
Iraq,EMR,2008,0.01
Jordan,EUR,2008,0.77
Kuwait,AFR,2008,0.36
Lebanon,WPR,2008,0.44
Libya,EMR,2008,0.24
Morocco,EUR,2008,0.66
Oman,WPR,2008,0.33
Pakistan,EUR,2008,0.52
Qatar,EMR,2008,0.33
Saudi Arabia,AFR,2008,0.33
Somalia,AFR,2008,0.1
Sudan,EMR,2008,0.68
Syrian Arab Republic,EUR,2008,0.33
Tunisia,EUR,2008,0.85
United Arab Emirates,AFR,2008,0.31
Occupied Palestinian territory,AFR,2008,. . .
Yemen,WPR,2008,0.55
Albania,SEAR,2008,0.5
Andorra,AFR,2008,. . .
Armenia,EUR,2008,0.22
Austria,WPR,2008,0.74
Azerbaijan,AFR,2008,0.21
Belarus,AFR,2008,0.29
Belgium,AMR,2008,0.77
Bosnia and Herzegovina,WPR,2008,0.57
Bulgaria,EUR,2008,0.85
Croatia,WPR,2008,0.61
Cyprus,EUR,2008,0.72
Czechia,EMR,2008,0.83
Denmark,AFR,2008,0.73
Estonia,SEAR,2008,0.77
Finland,AFR,2008,0.77
France,WPR,2008,0.8
Georgia,SEAR,2008,0.49
Germany,EUR,2008,0.76
Greece,WPR,2008,0.73
Hungary,AMR,2008,0.74
Iceland,AFR,2008,0.58
Ireland,AFR,2008,0.8
Israel,WPR,2008,0.72
Italy,EUR,2008,0.75
Kazakhstan,EUR,2008,0.2
Kyrgyzstan,EMR,2008,0.38
Latvia,EMR,2008,0.72
Lithuania,WPR,2008,0.68
Luxembourg,AMR,2008,0.7
Malta,WPR,2008,0.76
Monaco,AMR,2008,. . .
Montenegro,AMR,2008,0.45
Netherlands,WPR,2008,0.74
Norway,EUR,2008,0.73
Poland,EUR,2008,0.94
Portugal,EMR,2008,0.8
Republic of Moldova,WPR,2008,0.22
Romania,EUR,2008,0.72
Russian Federation,EUR,2008,0.3
San Marino,EUR,2008,. . .
Serbia,AFR,2008,0.62
Slovakia,AMR,2008,0.85
Slovenia,AMR,2008,0.75
Spain,AMR,2008,0.77
Sweden,WPR,2008,0.72
Switzerland,EUR,2008,0.63
Tajikistan,AFR,2008,. . .
North Macedonia,EMR,2008,0.72
Turkey,AFR,2008,0.73
Turkmenistan,EUR,2008,0.38
Ukraine,AFR,2008,0.49
United Kingdom of Great Britain and Northern Ireland,AFR,2008,0.77
Uzbekistan,WPR,2008,0.32
Bangladesh,EUR,2008,0.47
Bhutan,EUR,2008,—
Democratic People's Republic of Korea,WPR,2008,. . .
India,EMR,2008,0.46
Indonesia,AFR,2008,0.53
Maldives,,2008,0.3
Myanmar,EUR,2008,0.25
Nepal,SEAR,2008,0.24
Sri Lanka,EMR,2008,0.72
Thailand,AMR,2008,0.64
Timor-Leste,EUR,2008,. . .
Australia,EUR,2008,0.62
Brunei Darussalam,EMR,2008,0.54
Cambodia,EUR,2008,0.17
China,SEAR,2008,0.41
Cook Islands,SEAR,2008,0.46
Fiji,AFR,2008,0.5
Japan,WPR,2008,0.63
Kiribati,AMR,2008,0.5
Lao People's Democratic Republic,EMR,2008,0.12
Malaysia,EUR,2008,0.54
Marshall Islands,EUR,2008,0.54
Micronesia (Federated States of),WPR,2008,0.67
Mongolia,AFR,2008,0.4
Nauru,EUR,2008,0.41
New Zealand,EMR,2008,0.7
Niue,EUR,2008,0.76
Palau,AFR,2008,0.57
Papua New Guinea,AMR,2008,0.42
Philippines,AMR,2008,0.29
Republic of Korea,EUR,2008,0.62
Samoa,WPR,2008,0.63
Singapore,AMR,2008,0.67
Solomon Islands,WPR,2008,. . .
Tonga,EMR,2008,0.43
Tuvalu,EMR,2008,. . .
Vanuatu,AFR,2008,0.56
Viet Nam,AFR,2008,0.32
